,alpha,decayFunction,decay,epsilon,trial,net_reward,success
0,0.1,power,0.1,0.1,1,-38.5256995684,0
1,0.1,power,0.1,0.1,2,-102.03855857,0
2,0.1,power,0.1,0.1,3,-11.1323823719,1
3,0.1,power,0.1,0.1,4,-41.4266462298,1
4,0.1,power,0.1,0.1,5,-70.9642878138,1
5,0.1,power,0.1,0.1,6,-34.3394499434,0
6,0.1,power,0.1,0.1,7,-180.298972012,0
7,0.1,power,0.1,0.1,8,-51.3637807532,0
8,0.1,power,0.1,0.1,9,-126.7792278,0
9,0.1,power,0.1,0.1,10,-113.330375984,1
10,0.1,power,0.3,0.1,1,-143.165195664,0
11,0.1,power,0.3,0.1,2,-62.9110283646,1
12,0.1,power,0.3,0.1,3,-225.670943523,0
13,0.1,power,0.3,0.1,4,-218.995772182,0
14,0.1,power,0.3,0.1,5,-64.5362107745,0
15,0.1,power,0.3,0.1,6,-33.6888182989,1
16,0.1,power,0.3,0.1,7,-71.525835795,0
17,0.1,power,0.3,0.1,8,-189.347533002,0
18,0.1,power,0.3,0.1,9,-265.867896866,0
19,0.1,power,0.3,0.1,10,-119.429147939,0
20,0.1,power,0.5,0.1,1,-187.294165568,0
21,0.1,power,0.5,0.1,2,-52.0134964439,1
22,0.1,power,0.5,0.1,3,-241.664664696,0
23,0.1,power,0.5,0.1,4,-108.276226008,0
24,0.1,power,0.5,0.1,5,-137.735355075,0
25,0.1,power,0.5,0.1,6,-200.242527538,0
26,0.1,power,0.5,0.1,7,-135.841870492,0
27,0.1,power,0.5,0.1,8,-116.521036414,0
28,0.1,power,0.5,0.1,9,-79.775233845,0
29,0.1,power,0.5,0.1,10,-27.3778616727,0
30,0.1,power,0.7,0.1,1,-65.8731342924,1
31,0.1,power,0.7,0.1,2,-82.1960955565,0
32,0.1,power,0.7,0.1,3,7.54720193894,1
33,0.1,power,0.7,0.1,4,-136.599093679,0
34,0.1,power,0.7,0.1,5,-161.471025061,0
35,0.1,power,0.7,0.1,6,-247.211903266,0
36,0.1,power,0.7,0.1,7,-169.245984195,1
37,0.1,power,0.7,0.1,8,-45.9631336501,1
38,0.1,power,0.7,0.1,9,-1.50260015285,1
39,0.1,power,0.7,0.1,10,-48.2314037324,1
40,0.1,power,0.9,0.1,1,-113.24029319,0
41,0.1,power,0.9,0.1,2,-52.6213365819,1
42,0.1,power,0.9,0.1,3,-79.3736019049,0
43,0.1,power,0.9,0.1,4,-173.076743899,0
44,0.1,power,0.9,0.1,5,-137.809535869,0
45,0.1,power,0.9,0.1,6,-72.1992641337,0
46,0.1,power,0.9,0.1,7,-79.8160920589,1
47,0.1,power,0.9,0.1,8,-12.5373406349,1
48,0.1,power,0.9,0.1,9,-141.236890591,0
49,0.1,power,0.9,0.1,10,-54.8940479428,0
50,0.1,power,0.1,0.3,1,-26.7958826636,0
51,0.1,power,0.1,0.3,2,-170.599401266,0
52,0.1,power,0.1,0.3,3,-126.961362087,0
53,0.1,power,0.1,0.3,4,-268.119082168,0
54,0.1,power,0.1,0.3,5,-148.950450558,0
55,0.1,power,0.1,0.3,6,-63.3093206607,0
56,0.1,power,0.1,0.3,7,-253.463204705,0
57,0.1,power,0.1,0.3,8,-71.3570393366,0
58,0.1,power,0.1,0.3,9,-251.329598586,0
59,0.1,power,0.1,0.3,10,-46.3859969349,0
60,0.1,power,0.3,0.3,1,-241.067501465,0
61,0.1,power,0.3,0.3,2,-172.170186795,1
62,0.1,power,0.3,0.3,3,-161.186174257,0
63,0.1,power,0.3,0.3,4,-109.664828144,0
64,0.1,power,0.3,0.3,5,-59.4778537179,1
65,0.1,power,0.3,0.3,6,-193.823841987,0
66,0.1,power,0.3,0.3,7,-141.225890545,0
67,0.1,power,0.3,0.3,8,-91.7864849427,1
68,0.1,power,0.3,0.3,9,10.8151810471,1
69,0.1,power,0.3,0.3,10,-27.8741758475,1
70,0.1,power,0.5,0.3,1,-156.651163084,0
71,0.1,power,0.5,0.3,2,-99.9851059214,0
72,0.1,power,0.5,0.3,3,-54.5257286442,1
73,0.1,power,0.5,0.3,4,-84.017576605,0
74,0.1,power,0.5,0.3,5,-124.671531283,1
75,0.1,power,0.5,0.3,6,-157.448179271,0
76,0.1,power,0.5,0.3,7,-161.832041368,0
77,0.1,power,0.5,0.3,8,-145.627001292,0
78,0.1,power,0.5,0.3,9,-283.567776704,0
79,0.1,power,0.5,0.3,10,-20.8644907553,1
80,0.1,power,0.7,0.3,1,-134.097391322,0
81,0.1,power,0.7,0.3,2,-63.4383736453,1
82,0.1,power,0.7,0.3,3,-189.838137825,0
83,0.1,power,0.7,0.3,4,-164.272220624,0
84,0.1,power,0.7,0.3,5,-38.8713891865,1
85,0.1,power,0.7,0.3,6,-226.553735258,0
86,0.1,power,0.7,0.3,7,-104.018007842,0
87,0.1,power,0.7,0.3,8,-88.9800198716,0
88,0.1,power,0.7,0.3,9,-80.6591632448,0
89,0.1,power,0.7,0.3,10,-71.8316612501,1
90,0.1,power,0.9,0.3,1,-102.829046688,0
91,0.1,power,0.9,0.3,2,-126.477634111,0
92,0.1,power,0.9,0.3,3,-16.8032365183,0
93,0.1,power,0.9,0.3,4,-65.4466941832,0
94,0.1,power,0.9,0.3,5,-151.129438155,0
95,0.1,power,0.9,0.3,6,-142.478588569,1
96,0.1,power,0.9,0.3,7,-74.5961839583,0
97,0.1,power,0.9,0.3,8,-51.3227716625,0
98,0.1,power,0.9,0.3,9,5.97499248736,1
99,0.1,power,0.9,0.3,10,4.89389994708,0
100,0.1,power,0.1,0.5,1,-186.57200578,0
101,0.1,power,0.1,0.5,2,-327.16237536,0
102,0.1,power,0.1,0.5,3,-118.145120728,0
103,0.1,power,0.1,0.5,4,-110.773000315,0
104,0.1,power,0.1,0.5,5,-86.8672508827,0
105,0.1,power,0.1,0.5,6,-167.94232992,0
106,0.1,power,0.1,0.5,7,-84.6984803859,0
107,0.1,power,0.1,0.5,8,-85.3065636515,0
108,0.1,power,0.1,0.5,9,-212.828377314,0
109,0.1,power,0.1,0.5,10,-67.0478990677,0
110,0.1,power,0.3,0.5,1,-128.770932569,0
111,0.1,power,0.3,0.5,2,-240.029330898,0
112,0.1,power,0.3,0.5,3,-117.924762312,0
113,0.1,power,0.3,0.5,4,-342.765024097,0
114,0.1,power,0.3,0.5,5,-158.697750228,0
115,0.1,power,0.3,0.5,6,-69.6655101487,1
116,0.1,power,0.3,0.5,7,-100.251312188,0
117,0.1,power,0.3,0.5,8,-149.912557032,0
118,0.1,power,0.3,0.5,9,-91.5249122091,1
119,0.1,power,0.3,0.5,10,-105.897471009,0
120,0.1,power,0.5,0.5,1,-175.852908176,0
121,0.1,power,0.5,0.5,2,-189.224124442,0
122,0.1,power,0.5,0.5,3,-219.479074703,0
123,0.1,power,0.5,0.5,4,-119.34212755,0
124,0.1,power,0.5,0.5,5,-84.76300413,1
125,0.1,power,0.5,0.5,6,-279.879983716,0
126,0.1,power,0.5,0.5,7,-35.5763113907,0
127,0.1,power,0.5,0.5,8,-52.9222259646,0
128,0.1,power,0.5,0.5,9,-103.210710043,0
129,0.1,power,0.5,0.5,10,-74.5618058977,0
130,0.1,power,0.7,0.5,1,-78.4593100582,1
131,0.1,power,0.7,0.5,2,-243.72539953,1
132,0.1,power,0.7,0.5,3,-141.080138471,0
133,0.1,power,0.7,0.5,4,-152.852946656,0
134,0.1,power,0.7,0.5,5,-152.986525389,0
135,0.1,power,0.7,0.5,6,-267.226963724,0
136,0.1,power,0.7,0.5,7,-152.268164516,1
137,0.1,power,0.7,0.5,8,-199.465727411,0
138,0.1,power,0.7,0.5,9,-177.583844952,0
139,0.1,power,0.7,0.5,10,-219.250706636,0
140,0.1,power,0.9,0.5,1,-72.2157113494,0
141,0.1,power,0.9,0.5,2,-117.378206954,1
142,0.1,power,0.9,0.5,3,-6.25217615707,1
143,0.1,power,0.9,0.5,4,-41.2138952543,0
144,0.1,power,0.9,0.5,5,-142.039908668,0
145,0.1,power,0.9,0.5,6,-120.230923705,0
146,0.1,power,0.9,0.5,7,-7.92164233614,0
147,0.1,power,0.9,0.5,8,12.4939332666,1
148,0.1,power,0.9,0.5,9,-177.330695454,0
149,0.1,power,0.9,0.5,10,-27.5252146195,0
150,0.1,power,0.1,0.7,1,-161.09331179,0
151,0.1,power,0.1,0.7,2,-110.071983487,0
152,0.1,power,0.1,0.7,3,-215.073117343,0
153,0.1,power,0.1,0.7,4,-141.204263122,1
154,0.1,power,0.1,0.7,5,-66.8016296579,0
155,0.1,power,0.1,0.7,6,-241.93981997,0
156,0.1,power,0.1,0.7,7,-249.551306373,0
157,0.1,power,0.1,0.7,8,-62.018505382,0
158,0.1,power,0.1,0.7,9,10.4746934074,1
159,0.1,power,0.1,0.7,10,-72.1439674924,0
160,0.1,power,0.3,0.7,1,-156.569444062,0
161,0.1,power,0.3,0.7,2,-180.351601293,0
162,0.1,power,0.3,0.7,3,-79.0652800234,0
163,0.1,power,0.3,0.7,4,-117.747003127,0
164,0.1,power,0.3,0.7,5,-96.6365985777,0
165,0.1,power,0.3,0.7,6,-64.4691282336,1
166,0.1,power,0.3,0.7,7,-98.0058806167,0
167,0.1,power,0.3,0.7,8,-51.8281269959,1
168,0.1,power,0.3,0.7,9,-162.16416304,0
169,0.1,power,0.3,0.7,10,-116.769788377,1
170,0.1,power,0.5,0.7,1,-184.353862814,0
171,0.1,power,0.5,0.7,2,-166.960673675,1
172,0.1,power,0.5,0.7,3,-63.0208991324,1
173,0.1,power,0.5,0.7,4,-50.2535359875,1
174,0.1,power,0.5,0.7,5,-138.552883514,0
175,0.1,power,0.5,0.7,6,-69.9477108279,0
176,0.1,power,0.5,0.7,7,-66.9442198684,0
177,0.1,power,0.5,0.7,8,-145.529422799,0
178,0.1,power,0.5,0.7,9,-113.907349934,1
179,0.1,power,0.5,0.7,10,-30.5332720503,1
180,0.1,power,0.7,0.7,1,-125.701877571,0
181,0.1,power,0.7,0.7,2,-134.900298149,0
182,0.1,power,0.7,0.7,3,-175.608136075,0
183,0.1,power,0.7,0.7,4,-140.640595832,1
184,0.1,power,0.7,0.7,5,-107.737433099,1
185,0.1,power,0.7,0.7,6,-135.501054754,0
186,0.1,power,0.7,0.7,7,-45.427842479,0
187,0.1,power,0.7,0.7,8,8.52506582562,1
188,0.1,power,0.7,0.7,9,-120.519235066,1
189,0.1,power,0.7,0.7,10,-91.5907049123,0
190,0.1,power,0.9,0.7,1,-141.531100539,0
191,0.1,power,0.9,0.7,2,-38.9747972167,0
192,0.1,power,0.9,0.7,3,-36.583493712,1
193,0.1,power,0.9,0.7,4,-20.3751073927,0
194,0.1,power,0.9,0.7,5,-70.2808428475,0
195,0.1,power,0.9,0.7,6,-47.2242820563,0
196,0.1,power,0.9,0.7,7,-69.8474335575,1
197,0.1,power,0.9,0.7,8,-58.9025830428,1
198,0.1,power,0.9,0.7,9,-47.557033669,0
199,0.1,power,0.9,0.7,10,-94.14539165,0
200,0.1,power,0.1,0.9,1,-181.19367118,0
201,0.1,power,0.1,0.9,2,-115.374326418,0
202,0.1,power,0.1,0.9,3,-178.045975202,0
203,0.1,power,0.1,0.9,4,-57.7398767642,1
204,0.1,power,0.1,0.9,5,-175.322352811,0
205,0.1,power,0.1,0.9,6,-244.973402136,0
206,0.1,power,0.1,0.9,7,-227.261396742,0
207,0.1,power,0.1,0.9,8,-235.287072002,1
208,0.1,power,0.1,0.9,9,-110.141843821,1
209,0.1,power,0.1,0.9,10,-90.2740111838,0
210,0.1,power,0.3,0.9,1,-128.300962046,0
211,0.1,power,0.3,0.9,2,-33.6049554642,1
212,0.1,power,0.3,0.9,3,-301.549278554,0
213,0.1,power,0.3,0.9,4,-23.4166429061,1
214,0.1,power,0.3,0.9,5,-164.108236057,0
215,0.1,power,0.3,0.9,6,-38.7322219577,0
216,0.1,power,0.3,0.9,7,-113.339651657,0
217,0.1,power,0.3,0.9,8,-92.7819998067,0
218,0.1,power,0.3,0.9,9,-34.3873639807,0
219,0.1,power,0.3,0.9,10,-59.0679739187,1
220,0.1,power,0.5,0.9,1,-85.2066257933,0
221,0.1,power,0.5,0.9,2,-243.730006713,0
222,0.1,power,0.5,0.9,3,-200.629290883,0
223,0.1,power,0.5,0.9,4,-2.79599589825,1
224,0.1,power,0.5,0.9,5,-89.0463524828,0
225,0.1,power,0.5,0.9,6,-199.340627169,0
226,0.1,power,0.5,0.9,7,-182.427109049,0
227,0.1,power,0.5,0.9,8,-111.360644492,0
228,0.1,power,0.5,0.9,9,-156.534320631,0
229,0.1,power,0.5,0.9,10,-118.90213062,0
230,0.1,power,0.7,0.9,1,-213.858868274,0
231,0.1,power,0.7,0.9,2,-26.7253721082,1
232,0.1,power,0.7,0.9,3,-240.148034984,0
233,0.1,power,0.7,0.9,4,-120.824039444,0
234,0.1,power,0.7,0.9,5,-72.0896131713,0
235,0.1,power,0.7,0.9,6,-89.1989427889,1
236,0.1,power,0.7,0.9,7,-161.780698397,0
237,0.1,power,0.7,0.9,8,-116.889281188,0
238,0.1,power,0.7,0.9,9,-48.7761335139,0
239,0.1,power,0.7,0.9,10,-50.9309724361,1
240,0.1,power,0.9,0.9,1,-73.7327862074,1
241,0.1,power,0.9,0.9,2,-113.856827192,1
242,0.1,power,0.9,0.9,3,-138.704509323,0
243,0.1,power,0.9,0.9,4,-9.05210014601,0
244,0.1,power,0.9,0.9,5,-85.3542883717,0
245,0.1,power,0.9,0.9,6,-15.8890312376,0
246,0.1,power,0.9,0.9,7,-60.9083453905,1
247,0.1,power,0.9,0.9,8,-0.306374511475,0
248,0.1,power,0.9,0.9,9,-44.5992480343,0
249,0.1,power,0.9,0.9,10,-11.8979266153,1
250,0.3,power,0.1,0.1,1,15.350183706,1
251,0.3,power,0.1,0.1,2,5.12824121423,1
252,0.3,power,0.1,0.1,3,-127.225840414,0
253,0.3,power,0.1,0.1,4,-60.8482754479,1
254,0.3,power,0.1,0.1,5,-84.9965056111,0
255,0.3,power,0.1,0.1,6,-235.720487111,0
256,0.3,power,0.1,0.1,7,-264.898481735,0
257,0.3,power,0.1,0.1,8,1.7993533612,0
258,0.3,power,0.1,0.1,9,-52.3597311038,0
259,0.3,power,0.1,0.1,10,-28.4604351749,1
260,0.3,power,0.3,0.1,1,-45.4601121255,1
261,0.3,power,0.3,0.1,2,-116.430282672,0
262,0.3,power,0.3,0.1,3,-75.8558913847,0
263,0.3,power,0.3,0.1,4,-134.472710139,0
264,0.3,power,0.3,0.1,5,-115.479872374,0
265,0.3,power,0.3,0.1,6,-129.751776115,0
266,0.3,power,0.3,0.1,7,-170.901192651,0
267,0.3,power,0.3,0.1,8,-64.8300641709,1
268,0.3,power,0.3,0.1,9,-127.946219558,0
269,0.3,power,0.3,0.1,10,-53.0533838396,0
270,0.3,power,0.5,0.1,1,-45.1562385955,0
271,0.3,power,0.5,0.1,2,-157.489162613,0
272,0.3,power,0.5,0.1,3,-105.886626061,1
273,0.3,power,0.5,0.1,4,-159.208700184,1
274,0.3,power,0.5,0.1,5,-85.8774920955,1
275,0.3,power,0.5,0.1,6,-144.417817436,0
276,0.3,power,0.5,0.1,7,-141.7914286,0
277,0.3,power,0.5,0.1,8,-220.744309158,0
278,0.3,power,0.5,0.1,9,-4.3237316781,1
279,0.3,power,0.5,0.1,10,-102.260732656,1
280,0.3,power,0.7,0.1,1,14.8621553565,0
281,0.3,power,0.7,0.1,2,-167.304911965,0
282,0.3,power,0.7,0.1,3,7.31203254764,1
283,0.3,power,0.7,0.1,4,-76.9858963281,0
284,0.3,power,0.7,0.1,5,-70.6595879402,0
285,0.3,power,0.7,0.1,6,-120.070659222,0
286,0.3,power,0.7,0.1,7,-208.846167285,0
287,0.3,power,0.7,0.1,8,-215.255865409,0
288,0.3,power,0.7,0.1,9,-71.0532816389,0
289,0.3,power,0.7,0.1,10,-90.0852190698,0
290,0.3,power,0.9,0.1,1,-114.846248166,0
291,0.3,power,0.9,0.1,2,-94.6600461968,0
292,0.3,power,0.9,0.1,3,-146.6699919,0
293,0.3,power,0.9,0.1,4,-127.720819181,0
294,0.3,power,0.9,0.1,5,-63.1296424532,1
295,0.3,power,0.9,0.1,6,-34.7338615478,1
296,0.3,power,0.9,0.1,7,-26.6324441733,1
297,0.3,power,0.9,0.1,8,-86.070621272,0
298,0.3,power,0.9,0.1,9,-49.8447990546,0
299,0.3,power,0.9,0.1,10,-95.1923117652,0
300,0.3,power,0.1,0.3,1,-2.46480855457,0
301,0.3,power,0.1,0.3,2,-161.467559642,0
302,0.3,power,0.1,0.3,3,-30.128940985,0
303,0.3,power,0.1,0.3,4,-211.317448537,0
304,0.3,power,0.1,0.3,5,-156.783498444,0
305,0.3,power,0.1,0.3,6,-72.0279203181,0
306,0.3,power,0.1,0.3,7,-178.900515874,0
307,0.3,power,0.1,0.3,8,-120.775300573,0
308,0.3,power,0.1,0.3,9,-159.344432999,0
309,0.3,power,0.1,0.3,10,-217.836007462,0
310,0.3,power,0.3,0.3,1,-152.867715119,0
311,0.3,power,0.3,0.3,2,-96.4915921304,0
312,0.3,power,0.3,0.3,3,-162.306357896,0
313,0.3,power,0.3,0.3,4,-242.025898559,0
314,0.3,power,0.3,0.3,5,-142.316746721,0
315,0.3,power,0.3,0.3,6,-31.5722996279,1
316,0.3,power,0.3,0.3,7,-142.060556698,0
317,0.3,power,0.3,0.3,8,-97.0769262891,0
318,0.3,power,0.3,0.3,9,12.3615896694,1
319,0.3,power,0.3,0.3,10,-118.722277986,1
320,0.3,power,0.5,0.3,1,-315.592481496,1
321,0.3,power,0.5,0.3,2,-56.2776809004,0
322,0.3,power,0.5,0.3,3,-112.739874089,0
323,0.3,power,0.5,0.3,4,-207.152091485,0
324,0.3,power,0.5,0.3,5,-18.915583276,1
325,0.3,power,0.5,0.3,6,-128.350971987,0
326,0.3,power,0.5,0.3,7,-83.8382558187,1
327,0.3,power,0.5,0.3,8,-169.897447816,0
328,0.3,power,0.5,0.3,9,-110.654904574,1
329,0.3,power,0.5,0.3,10,-83.8342787177,0
330,0.3,power,0.7,0.3,1,-135.328619763,0
331,0.3,power,0.7,0.3,2,-152.700154681,0
332,0.3,power,0.7,0.3,3,-102.237869647,0
333,0.3,power,0.7,0.3,4,-258.12475868,0
334,0.3,power,0.7,0.3,5,-135.648307237,0
335,0.3,power,0.7,0.3,6,-39.0690369975,0
336,0.3,power,0.7,0.3,7,-76.5129160261,0
337,0.3,power,0.7,0.3,8,-144.845900619,0
338,0.3,power,0.7,0.3,9,-48.7843304803,1
339,0.3,power,0.7,0.3,10,-98.2184764152,0
340,0.3,power,0.9,0.3,1,-115.695324057,0
341,0.3,power,0.9,0.3,2,-110.243001864,0
342,0.3,power,0.9,0.3,3,-5.95165086834,1
343,0.3,power,0.9,0.3,4,-91.0574294081,0
344,0.3,power,0.9,0.3,5,-57.6140990548,1
345,0.3,power,0.9,0.3,6,-133.977701004,1
346,0.3,power,0.9,0.3,7,-61.4343910342,0
347,0.3,power,0.9,0.3,8,8.09324180259,1
348,0.3,power,0.9,0.3,9,-137.218151547,0
349,0.3,power,0.9,0.3,10,-66.897408344,0
350,0.3,power,0.1,0.5,1,-146.246842217,1
351,0.3,power,0.1,0.5,2,-55.0826851039,1
352,0.3,power,0.1,0.5,3,-60.7452188091,1
353,0.3,power,0.1,0.5,4,-156.77637973,0
354,0.3,power,0.1,0.5,5,-75.1061503087,0
355,0.3,power,0.1,0.5,6,-154.756510652,0
356,0.3,power,0.1,0.5,7,-121.393754006,0
357,0.3,power,0.1,0.5,8,-243.661673695,0
358,0.3,power,0.1,0.5,9,-109.980050352,1
359,0.3,power,0.1,0.5,10,-53.5339382025,1
360,0.3,power,0.3,0.5,1,-85.0797215783,0
361,0.3,power,0.3,0.5,2,-45.2497615756,1
362,0.3,power,0.3,0.5,3,-131.303416778,0
363,0.3,power,0.3,0.5,4,-280.029578388,0
364,0.3,power,0.3,0.5,5,-3.00440672533,1
365,0.3,power,0.3,0.5,6,-107.927438524,0
366,0.3,power,0.3,0.5,7,-141.876253795,0
367,0.3,power,0.3,0.5,8,-146.383968367,0
368,0.3,power,0.3,0.5,9,-185.229411148,0
369,0.3,power,0.3,0.5,10,-71.1216054395,1
370,0.3,power,0.5,0.5,1,-31.1176331562,1
371,0.3,power,0.5,0.5,2,-167.670949902,0
372,0.3,power,0.5,0.5,3,-132.76094102,0
373,0.3,power,0.5,0.5,4,-171.530491837,0
374,0.3,power,0.5,0.5,5,-246.579057401,0
375,0.3,power,0.5,0.5,6,-86.7461384234,1
376,0.3,power,0.5,0.5,7,-312.929828643,0
377,0.3,power,0.5,0.5,8,-75.1383511098,1
378,0.3,power,0.5,0.5,9,-111.872818234,1
379,0.3,power,0.5,0.5,10,-23.8613402337,0
380,0.3,power,0.7,0.5,1,-168.551845823,0
381,0.3,power,0.7,0.5,2,-2.83485847598,1
382,0.3,power,0.7,0.5,3,-47.1674414527,1
383,0.3,power,0.7,0.5,4,-180.018175788,0
384,0.3,power,0.7,0.5,5,-120.202266884,0
385,0.3,power,0.7,0.5,6,-78.9631213357,1
386,0.3,power,0.7,0.5,7,-135.816464164,0
387,0.3,power,0.7,0.5,8,-109.009936042,0
388,0.3,power,0.7,0.5,9,-109.941838525,0
389,0.3,power,0.7,0.5,10,-70.2278936359,0
390,0.3,power,0.9,0.5,1,-117.782983909,0
391,0.3,power,0.9,0.5,2,-1.93442353524,0
392,0.3,power,0.9,0.5,3,-197.195181768,0
393,0.3,power,0.9,0.5,4,-99.8648017824,1
394,0.3,power,0.9,0.5,5,-60.067723399,0
395,0.3,power,0.9,0.5,6,-34.6729348798,0
396,0.3,power,0.9,0.5,7,-31.707530535,0
397,0.3,power,0.9,0.5,8,-64.3202801507,0
398,0.3,power,0.9,0.5,9,-103.782415815,0
399,0.3,power,0.9,0.5,10,-76.8962217602,0
400,0.3,power,0.1,0.7,1,-269.146272645,0
401,0.3,power,0.1,0.7,2,-98.6351186088,1
402,0.3,power,0.1,0.7,3,-27.1708452182,1
403,0.3,power,0.1,0.7,4,-29.3698668959,0
404,0.3,power,0.1,0.7,5,-175.981198329,1
405,0.3,power,0.1,0.7,6,-271.915299138,0
406,0.3,power,0.1,0.7,7,-170.082795762,1
407,0.3,power,0.1,0.7,8,-88.5968758555,0
408,0.3,power,0.1,0.7,9,-32.5149714768,0
409,0.3,power,0.1,0.7,10,-74.7076039148,1
410,0.3,power,0.3,0.7,1,-161.608132035,1
411,0.3,power,0.3,0.7,2,-160.569216148,1
412,0.3,power,0.3,0.7,3,-176.603359511,0
413,0.3,power,0.3,0.7,4,-124.226623225,0
414,0.3,power,0.3,0.7,5,-121.98836265,0
415,0.3,power,0.3,0.7,6,-128.237832042,0
416,0.3,power,0.3,0.7,7,-73.4768117559,0
417,0.3,power,0.3,0.7,8,-156.112495616,0
418,0.3,power,0.3,0.7,9,-15.4963458582,0
419,0.3,power,0.3,0.7,10,-202.181742484,0
420,0.3,power,0.5,0.7,1,-7.21957968495,0
421,0.3,power,0.5,0.7,2,-177.218118254,0
422,0.3,power,0.5,0.7,3,-37.0057308443,0
423,0.3,power,0.5,0.7,4,-128.343188724,0
424,0.3,power,0.5,0.7,5,-22.6269680467,1
425,0.3,power,0.5,0.7,6,-281.548156208,0
426,0.3,power,0.5,0.7,7,-216.608668053,0
427,0.3,power,0.5,0.7,8,-132.971324372,0
428,0.3,power,0.5,0.7,9,-77.2663601764,0
429,0.3,power,0.5,0.7,10,-120.610220669,0
430,0.3,power,0.7,0.7,1,-112.314989676,0
431,0.3,power,0.7,0.7,2,-162.115930144,0
432,0.3,power,0.7,0.7,3,-190.353439105,0
433,0.3,power,0.7,0.7,4,-35.1759926365,0
434,0.3,power,0.7,0.7,5,-108.86741057,0
435,0.3,power,0.7,0.7,6,-54.9297641098,0
436,0.3,power,0.7,0.7,7,10.6363131325,0
437,0.3,power,0.7,0.7,8,2.15090808395,0
438,0.3,power,0.7,0.7,9,-186.586157463,0
439,0.3,power,0.7,0.7,10,-201.057834533,0
440,0.3,power,0.9,0.7,1,-93.1771989836,0
441,0.3,power,0.9,0.7,2,-181.011180869,0
442,0.3,power,0.9,0.7,3,-33.8322267968,0
443,0.3,power,0.9,0.7,4,-55.0682093693,0
444,0.3,power,0.9,0.7,5,-50.4078232428,1
445,0.3,power,0.9,0.7,6,3.10032855346,0
446,0.3,power,0.9,0.7,7,8.80969619234,1
447,0.3,power,0.9,0.7,8,-9.73137028228,0
448,0.3,power,0.9,0.7,9,-93.5494318354,0
449,0.3,power,0.9,0.7,10,-134.150602412,0
450,0.3,power,0.1,0.9,1,-105.714723187,0
451,0.3,power,0.1,0.9,2,-214.655755724,0
452,0.3,power,0.1,0.9,3,-41.6995168869,0
453,0.3,power,0.1,0.9,4,-85.1705654738,1
454,0.3,power,0.1,0.9,5,7.82048331087,1
455,0.3,power,0.1,0.9,6,-67.1220291968,0
456,0.3,power,0.1,0.9,7,-115.735680028,0
457,0.3,power,0.1,0.9,8,-38.3605613607,1
458,0.3,power,0.1,0.9,9,-54.7084678378,0
459,0.3,power,0.1,0.9,10,-146.404266041,0
460,0.3,power,0.3,0.9,1,-111.871527869,0
461,0.3,power,0.3,0.9,2,-59.0076697453,1
462,0.3,power,0.3,0.9,3,-8.05501117451,1
463,0.3,power,0.3,0.9,4,-310.643456139,0
464,0.3,power,0.3,0.9,5,-172.931983383,0
465,0.3,power,0.3,0.9,6,-83.3932846189,0
466,0.3,power,0.3,0.9,7,-144.039652399,0
467,0.3,power,0.3,0.9,8,-99.5939944503,0
468,0.3,power,0.3,0.9,9,-98.453958645,0
469,0.3,power,0.3,0.9,10,-253.44294605,0
470,0.3,power,0.5,0.9,1,-101.989614488,0
471,0.3,power,0.5,0.9,2,-136.332572317,1
472,0.3,power,0.5,0.9,3,-54.2539545033,0
473,0.3,power,0.5,0.9,4,-136.406048488,0
474,0.3,power,0.5,0.9,5,-47.29788036,1
475,0.3,power,0.5,0.9,6,-106.314802966,0
476,0.3,power,0.5,0.9,7,-167.930187445,0
477,0.3,power,0.5,0.9,8,-216.564539426,0
478,0.3,power,0.5,0.9,9,-230.862662053,0
479,0.3,power,0.5,0.9,10,-38.2776879225,1
480,0.3,power,0.7,0.9,1,-37.1177334649,0
481,0.3,power,0.7,0.9,2,-142.422938935,0
482,0.3,power,0.7,0.9,3,-178.332922035,0
483,0.3,power,0.7,0.9,4,-260.555159535,0
484,0.3,power,0.7,0.9,5,-49.8696670948,1
485,0.3,power,0.7,0.9,6,-62.4152508371,0
486,0.3,power,0.7,0.9,7,-85.0596723622,0
487,0.3,power,0.7,0.9,8,-147.684564141,0
488,0.3,power,0.7,0.9,9,-65.9777764076,1
489,0.3,power,0.7,0.9,10,-130.805996093,0
490,0.3,power,0.9,0.9,1,5.38167815286,1
491,0.3,power,0.9,0.9,2,9.2529642471,0
492,0.3,power,0.9,0.9,3,-90.0752283538,0
493,0.3,power,0.9,0.9,4,-48.0449150142,0
494,0.3,power,0.9,0.9,5,-169.23227991,0
495,0.3,power,0.9,0.9,6,-120.987339267,0
496,0.3,power,0.9,0.9,7,-46.5597268906,0
497,0.3,power,0.9,0.9,8,-77.486126593,0
498,0.3,power,0.9,0.9,9,-117.620191491,0
499,0.3,power,0.9,0.9,10,-90.8241722267,0
500,0.5,power,0.1,0.1,1,-126.908908299,0
501,0.5,power,0.1,0.1,2,-2.29921485348,0
502,0.5,power,0.1,0.1,3,-21.1397309168,0
503,0.5,power,0.1,0.1,4,-187.594385163,1
504,0.5,power,0.1,0.1,5,-104.396001393,0
505,0.5,power,0.1,0.1,6,-261.46904404,0
506,0.5,power,0.1,0.1,7,-294.738920828,0
507,0.5,power,0.1,0.1,8,-107.799538239,0
508,0.5,power,0.1,0.1,9,-241.190162925,0
509,0.5,power,0.1,0.1,10,-111.87319628,1
510,0.5,power,0.3,0.1,1,-81.333110148,0
511,0.5,power,0.3,0.1,2,-271.792459172,1
512,0.5,power,0.3,0.1,3,-70.5063815137,0
513,0.5,power,0.3,0.1,4,-130.225270222,1
514,0.5,power,0.3,0.1,5,-64.7516244327,0
515,0.5,power,0.3,0.1,6,-169.072457722,0
516,0.5,power,0.3,0.1,7,-94.3240907714,1
517,0.5,power,0.3,0.1,8,-144.686304839,1
518,0.5,power,0.3,0.1,9,-168.399132486,0
519,0.5,power,0.3,0.1,10,-147.305010321,0
520,0.5,power,0.5,0.1,1,-64.6573485845,0
521,0.5,power,0.5,0.1,2,-106.689554908,0
522,0.5,power,0.5,0.1,3,-114.105863688,0
523,0.5,power,0.5,0.1,4,-119.536879968,0
524,0.5,power,0.5,0.1,5,-244.157240904,1
525,0.5,power,0.5,0.1,6,-73.5737487696,0
526,0.5,power,0.5,0.1,7,-113.431644309,1
527,0.5,power,0.5,0.1,8,-75.1127270903,0
528,0.5,power,0.5,0.1,9,-143.243482016,1
529,0.5,power,0.5,0.1,10,-239.61152815,0
530,0.5,power,0.7,0.1,1,-90.1076442106,0
531,0.5,power,0.7,0.1,2,-225.541462313,1
532,0.5,power,0.7,0.1,3,-53.6004639213,1
533,0.5,power,0.7,0.1,4,-138.376616881,0
534,0.5,power,0.7,0.1,5,-165.195471908,0
535,0.5,power,0.7,0.1,6,-3.20124749875,1
536,0.5,power,0.7,0.1,7,-169.169773614,0
537,0.5,power,0.7,0.1,8,-128.687407959,0
538,0.5,power,0.7,0.1,9,-11.1658756364,1
539,0.5,power,0.7,0.1,10,-127.262468774,0
540,0.5,power,0.9,0.1,1,-76.1590666099,0
541,0.5,power,0.9,0.1,2,-62.2216925533,0
542,0.5,power,0.9,0.1,3,-17.1022902093,0
543,0.5,power,0.9,0.1,4,-48.6915962962,0
544,0.5,power,0.9,0.1,5,-140.798352179,0
545,0.5,power,0.9,0.1,6,-87.1122766817,0
546,0.5,power,0.9,0.1,7,-83.0955817422,0
547,0.5,power,0.9,0.1,8,-181.386073411,0
548,0.5,power,0.9,0.1,9,-106.743411025,0
549,0.5,power,0.9,0.1,10,-116.963602315,0
550,0.5,power,0.1,0.3,1,-192.299284452,0
551,0.5,power,0.1,0.3,2,-136.453157381,0
552,0.5,power,0.1,0.3,3,-226.761448669,0
553,0.5,power,0.1,0.3,4,-233.113987075,0
554,0.5,power,0.1,0.3,5,-207.256626899,0
555,0.5,power,0.1,0.3,6,-167.386343796,1
556,0.5,power,0.1,0.3,7,-106.512154148,0
557,0.5,power,0.1,0.3,8,-144.673608965,1
558,0.5,power,0.1,0.3,9,-50.3126403751,1
559,0.5,power,0.1,0.3,10,-179.574474021,1
560,0.5,power,0.3,0.3,1,-196.103901683,0
561,0.5,power,0.3,0.3,2,-64.0598756088,0
562,0.5,power,0.3,0.3,3,-202.228630962,0
563,0.5,power,0.3,0.3,4,-92.8694829204,0
564,0.5,power,0.3,0.3,5,-22.6320541336,1
565,0.5,power,0.3,0.3,6,-273.035705447,0
566,0.5,power,0.3,0.3,7,-280.1515084,0
567,0.5,power,0.3,0.3,8,-260.252930681,1
568,0.5,power,0.3,0.3,9,-110.285748966,0
569,0.5,power,0.3,0.3,10,-150.942564685,0
570,0.5,power,0.5,0.3,1,-132.070584131,0
571,0.5,power,0.5,0.3,2,-128.033397549,0
572,0.5,power,0.5,0.3,3,-78.2780973785,0
573,0.5,power,0.5,0.3,4,-162.822321355,0
574,0.5,power,0.5,0.3,5,-79.479273972,0
575,0.5,power,0.5,0.3,6,-87.8853390657,0
576,0.5,power,0.5,0.3,7,-243.622787474,0
577,0.5,power,0.5,0.3,8,-148.360135787,0
578,0.5,power,0.5,0.3,9,-49.390052915,1
579,0.5,power,0.5,0.3,10,-77.9600780468,0
580,0.5,power,0.7,0.3,1,-113.556765006,0
581,0.5,power,0.7,0.3,2,-202.997102278,1
582,0.5,power,0.7,0.3,3,-209.290105926,0
583,0.5,power,0.7,0.3,4,-121.071945749,0
584,0.5,power,0.7,0.3,5,-136.761518772,1
585,0.5,power,0.7,0.3,6,-85.8658389072,0
586,0.5,power,0.7,0.3,7,-106.066059076,0
587,0.5,power,0.7,0.3,8,-156.550152701,0
588,0.5,power,0.7,0.3,9,-206.369230996,0
589,0.5,power,0.7,0.3,10,-271.584530627,0
590,0.5,power,0.9,0.3,1,-198.281959211,0
591,0.5,power,0.9,0.3,2,-131.217354165,0
592,0.5,power,0.9,0.3,3,-52.661996202,0
593,0.5,power,0.9,0.3,4,-54.2916380347,0
594,0.5,power,0.9,0.3,5,-110.866533027,0
595,0.5,power,0.9,0.3,6,-206.831294028,0
596,0.5,power,0.9,0.3,7,-84.4222055612,0
597,0.5,power,0.9,0.3,8,0.198866148789,1
598,0.5,power,0.9,0.3,9,-159.259024973,0
599,0.5,power,0.9,0.3,10,-22.7999833352,0
600,0.5,power,0.1,0.5,1,-79.2236318657,1
601,0.5,power,0.1,0.5,2,-111.799007144,0
602,0.5,power,0.1,0.5,3,-183.922729545,0
603,0.5,power,0.1,0.5,4,-139.557937463,0
604,0.5,power,0.1,0.5,5,-141.367656532,0
605,0.5,power,0.1,0.5,6,-96.9952983549,0
606,0.5,power,0.1,0.5,7,-115.992161964,0
607,0.5,power,0.1,0.5,8,-123.880320549,1
608,0.5,power,0.1,0.5,9,-49.0762546321,1
609,0.5,power,0.1,0.5,10,-131.333075621,0
610,0.5,power,0.3,0.5,1,-153.240180566,1
611,0.5,power,0.3,0.5,2,-63.5077450473,0
612,0.5,power,0.3,0.5,3,-23.5392988764,1
613,0.5,power,0.3,0.5,4,-101.325709109,0
614,0.5,power,0.3,0.5,5,-12.6027493031,1
615,0.5,power,0.3,0.5,6,-102.715089112,0
616,0.5,power,0.3,0.5,7,-129.785545548,0
617,0.5,power,0.3,0.5,8,-167.896522453,0
618,0.5,power,0.3,0.5,9,-119.005240553,0
619,0.5,power,0.3,0.5,10,-202.940983529,0
620,0.5,power,0.5,0.5,1,-96.4348801585,1
621,0.5,power,0.5,0.5,2,-149.556619742,1
622,0.5,power,0.5,0.5,3,-107.099990928,1
623,0.5,power,0.5,0.5,4,-108.850104468,0
624,0.5,power,0.5,0.5,5,-0.175205941912,1
625,0.5,power,0.5,0.5,6,-119.970124459,1
626,0.5,power,0.5,0.5,7,-103.007722748,1
627,0.5,power,0.5,0.5,8,-4.06663715866,1
628,0.5,power,0.5,0.5,9,-14.0628702358,1
629,0.5,power,0.5,0.5,10,-163.987009079,0
630,0.5,power,0.7,0.5,1,-67.9087036014,0
631,0.5,power,0.7,0.5,2,-118.272042597,1
632,0.5,power,0.7,0.5,3,-66.3323523798,0
633,0.5,power,0.7,0.5,4,-229.692498798,0
634,0.5,power,0.7,0.5,5,-154.321711008,1
635,0.5,power,0.7,0.5,6,-48.0507061282,0
636,0.5,power,0.7,0.5,7,-140.156441555,0
637,0.5,power,0.7,0.5,8,-44.858165655,1
638,0.5,power,0.7,0.5,9,-256.288338019,0
639,0.5,power,0.7,0.5,10,-78.7121442985,0
640,0.5,power,0.9,0.5,1,-34.5229202013,0
641,0.5,power,0.9,0.5,2,-86.4901354852,0
642,0.5,power,0.9,0.5,3,-36.4481276331,0
643,0.5,power,0.9,0.5,4,-190.05415047,0
644,0.5,power,0.9,0.5,5,-224.629978043,0
645,0.5,power,0.9,0.5,6,-86.390570797,0
646,0.5,power,0.9,0.5,7,-118.900229524,1
647,0.5,power,0.9,0.5,8,-64.9863916325,1
648,0.5,power,0.9,0.5,9,-32.113542532,0
649,0.5,power,0.9,0.5,10,-103.546986176,0
650,0.5,power,0.1,0.7,1,-123.0864726,0
651,0.5,power,0.1,0.7,2,-200.769570502,0
652,0.5,power,0.1,0.7,3,-58.9528146354,0
653,0.5,power,0.1,0.7,4,-69.2266464925,0
654,0.5,power,0.1,0.7,5,-189.303469282,0
655,0.5,power,0.1,0.7,6,-148.469780033,0
656,0.5,power,0.1,0.7,7,-56.3153320323,1
657,0.5,power,0.1,0.7,8,-165.565234156,0
658,0.5,power,0.1,0.7,9,-159.358233719,0
659,0.5,power,0.1,0.7,10,-212.089184375,0
660,0.5,power,0.3,0.7,1,-86.7281847102,0
661,0.5,power,0.3,0.7,2,-160.749750065,0
662,0.5,power,0.3,0.7,3,-174.146417968,0
663,0.5,power,0.3,0.7,4,-219.604944361,0
664,0.5,power,0.3,0.7,5,-126.637101393,0
665,0.5,power,0.3,0.7,6,-62.6921006051,1
666,0.5,power,0.3,0.7,7,-76.5493829971,0
667,0.5,power,0.3,0.7,8,-216.565109004,0
668,0.5,power,0.3,0.7,9,-144.872178445,1
669,0.5,power,0.3,0.7,10,-230.080385128,0
670,0.5,power,0.5,0.7,1,-80.492518867,1
671,0.5,power,0.5,0.7,2,-180.780416301,0
672,0.5,power,0.5,0.7,3,-21.2648643859,0
673,0.5,power,0.5,0.7,4,-95.4046071714,0
674,0.5,power,0.5,0.7,5,-111.639843174,1
675,0.5,power,0.5,0.7,6,-41.7843184627,1
676,0.5,power,0.5,0.7,7,-109.718236098,0
677,0.5,power,0.5,0.7,8,-55.8616689832,0
678,0.5,power,0.5,0.7,9,-134.529019564,1
679,0.5,power,0.5,0.7,10,-135.895775529,0
680,0.5,power,0.7,0.7,1,-155.869842964,0
681,0.5,power,0.7,0.7,2,-185.183744053,0
682,0.5,power,0.7,0.7,3,-236.956679743,0
683,0.5,power,0.7,0.7,4,-87.9819179481,0
684,0.5,power,0.7,0.7,5,-46.5371894699,1
685,0.5,power,0.7,0.7,6,-198.812040202,0
686,0.5,power,0.7,0.7,7,-160.180005493,0
687,0.5,power,0.7,0.7,8,-47.1031789246,0
688,0.5,power,0.7,0.7,9,-203.899407571,0
689,0.5,power,0.7,0.7,10,-74.4231605763,0
690,0.5,power,0.9,0.7,1,-91.7147514291,0
691,0.5,power,0.9,0.7,2,-2.53305803422,0
692,0.5,power,0.9,0.7,3,-215.34113986,0
693,0.5,power,0.9,0.7,4,-1.20716349928,1
694,0.5,power,0.9,0.7,5,-128.193837009,1
695,0.5,power,0.9,0.7,6,-85.9012860211,0
696,0.5,power,0.9,0.7,7,-58.2045256244,0
697,0.5,power,0.9,0.7,8,-17.9359750188,0
698,0.5,power,0.9,0.7,9,-16.6388618582,1
699,0.5,power,0.9,0.7,10,-50.5920570461,0
700,0.5,power,0.1,0.9,1,-87.5790913744,0
701,0.5,power,0.1,0.9,2,-34.9300928941,1
702,0.5,power,0.1,0.9,3,-68.9428332135,0
703,0.5,power,0.1,0.9,4,-70.6560285069,0
704,0.5,power,0.1,0.9,5,-11.0404497628,0
705,0.5,power,0.1,0.9,6,-122.137253961,1
706,0.5,power,0.1,0.9,7,-51.7892908322,0
707,0.5,power,0.1,0.9,8,-153.346783596,0
708,0.5,power,0.1,0.9,9,-228.08134788,0
709,0.5,power,0.1,0.9,10,-54.5577271459,0
710,0.5,power,0.3,0.9,1,-113.120698847,0
711,0.5,power,0.3,0.9,2,-117.367234146,1
712,0.5,power,0.3,0.9,3,-177.068836101,0
713,0.5,power,0.3,0.9,4,-53.9936850949,0
714,0.5,power,0.3,0.9,5,-201.069494691,1
715,0.5,power,0.3,0.9,6,-134.599916692,0
716,0.5,power,0.3,0.9,7,-104.026678349,0
717,0.5,power,0.3,0.9,8,-99.6320473827,0
718,0.5,power,0.3,0.9,9,-80.353666755,0
719,0.5,power,0.3,0.9,10,-12.1199304901,1
720,0.5,power,0.5,0.9,1,-156.895149518,1
721,0.5,power,0.5,0.9,2,-57.0616890816,0
722,0.5,power,0.5,0.9,3,-165.545281238,0
723,0.5,power,0.5,0.9,4,-71.1361721531,1
724,0.5,power,0.5,0.9,5,5.55151325767,1
725,0.5,power,0.5,0.9,6,-98.0670383625,0
726,0.5,power,0.5,0.9,7,-88.1998087655,0
727,0.5,power,0.5,0.9,8,-53.7556578928,1
728,0.5,power,0.5,0.9,9,-246.723545935,0
729,0.5,power,0.5,0.9,10,-121.858663402,0
730,0.5,power,0.7,0.9,1,-55.772843671,0
731,0.5,power,0.7,0.9,2,-54.6069218515,1
732,0.5,power,0.7,0.9,3,-106.975774087,0
733,0.5,power,0.7,0.9,4,-96.2717941023,1
734,0.5,power,0.7,0.9,5,-102.749621548,1
735,0.5,power,0.7,0.9,6,-204.582748873,1
736,0.5,power,0.7,0.9,7,-108.186967723,0
737,0.5,power,0.7,0.9,8,-35.2035047313,1
738,0.5,power,0.7,0.9,9,-177.477080182,0
739,0.5,power,0.7,0.9,10,-184.790939807,0
740,0.5,power,0.9,0.9,1,15.299092213,1
741,0.5,power,0.9,0.9,2,-31.225548315,0
742,0.5,power,0.9,0.9,3,-107.347358706,1
743,0.5,power,0.9,0.9,4,-9.75857993325,0
744,0.5,power,0.9,0.9,5,-51.6409190842,0
745,0.5,power,0.9,0.9,6,-85.8179305225,0
746,0.5,power,0.9,0.9,7,-59.4140685018,0
747,0.5,power,0.9,0.9,8,16.6497426794,1
748,0.5,power,0.9,0.9,9,7.86745186072,1
749,0.5,power,0.9,0.9,10,-164.450398972,0
750,0.7,power,0.1,0.1,1,-88.1098835305,0
751,0.7,power,0.1,0.1,2,-82.5049290078,1
752,0.7,power,0.1,0.1,3,-37.3906860499,0
753,0.7,power,0.1,0.1,4,-142.764721685,1
754,0.7,power,0.1,0.1,5,-147.953056605,0
755,0.7,power,0.1,0.1,6,-88.5872184276,0
756,0.7,power,0.1,0.1,7,-331.324139426,0
757,0.7,power,0.1,0.1,8,-195.825375522,0
758,0.7,power,0.1,0.1,9,-109.938452018,0
759,0.7,power,0.1,0.1,10,-118.751791493,0
760,0.7,power,0.3,0.1,1,-77.6653649917,1
761,0.7,power,0.3,0.1,2,-146.319209614,1
762,0.7,power,0.3,0.1,3,-102.176356801,0
763,0.7,power,0.3,0.1,4,14.9754727056,0
764,0.7,power,0.3,0.1,5,-134.551232945,0
765,0.7,power,0.3,0.1,6,-109.153609773,0
766,0.7,power,0.3,0.1,7,-253.274695007,0
767,0.7,power,0.3,0.1,8,-167.255395923,0
768,0.7,power,0.3,0.1,9,-25.3342549435,1
769,0.7,power,0.3,0.1,10,-148.482100504,0
770,0.7,power,0.5,0.1,1,-147.340740628,0
771,0.7,power,0.5,0.1,2,-96.5197550716,1
772,0.7,power,0.5,0.1,3,-225.591326533,0
773,0.7,power,0.5,0.1,4,-112.515134701,0
774,0.7,power,0.5,0.1,5,-145.388108399,0
775,0.7,power,0.5,0.1,6,-63.8439946237,0
776,0.7,power,0.5,0.1,7,5.63012733644,1
777,0.7,power,0.5,0.1,8,-127.565774291,0
778,0.7,power,0.5,0.1,9,-215.090854845,0
779,0.7,power,0.5,0.1,10,-286.988392768,0
780,0.7,power,0.7,0.1,1,-25.2084917493,1
781,0.7,power,0.7,0.1,2,-95.2644263917,0
782,0.7,power,0.7,0.1,3,-59.4833195458,0
783,0.7,power,0.7,0.1,4,-8.1468499376,1
784,0.7,power,0.7,0.1,5,-181.939378809,0
785,0.7,power,0.7,0.1,6,-103.480402232,0
786,0.7,power,0.7,0.1,7,-242.277139577,0
787,0.7,power,0.7,0.1,8,-90.1137891136,0
788,0.7,power,0.7,0.1,9,-180.772517626,0
789,0.7,power,0.7,0.1,10,-167.815466576,0
790,0.7,power,0.9,0.1,1,-41.4363012794,1
791,0.7,power,0.9,0.1,2,-198.70741605,0
792,0.7,power,0.9,0.1,3,-11.3966787414,1
793,0.7,power,0.9,0.1,4,-0.719155573847,0
794,0.7,power,0.9,0.1,5,12.234410276,0
795,0.7,power,0.9,0.1,6,-70.2554337618,0
796,0.7,power,0.9,0.1,7,-32.3536190599,1
797,0.7,power,0.9,0.1,8,-88.9008635426,0
798,0.7,power,0.9,0.1,9,-75.9786180889,0
799,0.7,power,0.9,0.1,10,-41.1574286942,0
800,0.7,power,0.1,0.3,1,-191.800790099,0
801,0.7,power,0.1,0.3,2,-205.597121676,0
802,0.7,power,0.1,0.3,3,-98.3060413799,1
803,0.7,power,0.1,0.3,4,-31.44806848,0
804,0.7,power,0.1,0.3,5,-129.350993743,0
805,0.7,power,0.1,0.3,6,-63.7059826191,0
806,0.7,power,0.1,0.3,7,-131.856353224,0
807,0.7,power,0.1,0.3,8,-123.35746063,0
808,0.7,power,0.1,0.3,9,-123.606254168,0
809,0.7,power,0.1,0.3,10,-82.6222749958,0
810,0.7,power,0.3,0.3,1,-67.9331935786,0
811,0.7,power,0.3,0.3,2,-17.3271171261,1
812,0.7,power,0.3,0.3,3,-32.4983259355,0
813,0.7,power,0.3,0.3,4,-40.2661778886,1
814,0.7,power,0.3,0.3,5,-88.8178915337,1
815,0.7,power,0.3,0.3,6,-84.2000994219,0
816,0.7,power,0.3,0.3,7,9.0129767724,1
817,0.7,power,0.3,0.3,8,-187.414558093,0
818,0.7,power,0.3,0.3,9,-133.638927869,0
819,0.7,power,0.3,0.3,10,-82.910386722,0
820,0.7,power,0.5,0.3,1,-43.5576899922,1
821,0.7,power,0.5,0.3,2,-122.933593796,0
822,0.7,power,0.5,0.3,3,-184.636442113,0
823,0.7,power,0.5,0.3,4,-40.6821954543,1
824,0.7,power,0.5,0.3,5,-233.194360417,0
825,0.7,power,0.5,0.3,6,-159.696897977,0
826,0.7,power,0.5,0.3,7,-72.2543688397,1
827,0.7,power,0.5,0.3,8,-139.876756092,0
828,0.7,power,0.5,0.3,9,-50.7820273142,0
829,0.7,power,0.5,0.3,10,-225.011134773,0
830,0.7,power,0.7,0.3,1,-178.29659582,0
831,0.7,power,0.7,0.3,2,-39.7330790234,1
832,0.7,power,0.7,0.3,3,-178.55745184,0
833,0.7,power,0.7,0.3,4,-149.453080015,0
834,0.7,power,0.7,0.3,5,-197.257557127,0
835,0.7,power,0.7,0.3,6,-105.719883159,0
836,0.7,power,0.7,0.3,7,-94.669702394,0
837,0.7,power,0.7,0.3,8,-76.2440388967,1
838,0.7,power,0.7,0.3,9,-151.967186268,0
839,0.7,power,0.7,0.3,10,-136.498385727,0
840,0.7,power,0.9,0.3,1,11.0468836926,1
841,0.7,power,0.9,0.3,2,-21.3667877174,1
842,0.7,power,0.9,0.3,3,-143.911291544,0
843,0.7,power,0.9,0.3,4,-163.234517797,0
844,0.7,power,0.9,0.3,5,-80.5774201894,0
845,0.7,power,0.9,0.3,6,9.22808780016,1
846,0.7,power,0.9,0.3,7,3.99812503207,0
847,0.7,power,0.9,0.3,8,21.4346220682,1
848,0.7,power,0.9,0.3,9,-57.1944526883,1
849,0.7,power,0.9,0.3,10,-118.884746946,0
850,0.7,power,0.1,0.5,1,-89.7353975687,0
851,0.7,power,0.1,0.5,2,-87.6971326065,0
852,0.7,power,0.1,0.5,3,-36.181836868,0
853,0.7,power,0.1,0.5,4,-108.219636971,0
854,0.7,power,0.1,0.5,5,-165.956496759,0
855,0.7,power,0.1,0.5,6,-15.3806011358,1
856,0.7,power,0.1,0.5,7,-70.4651683375,0
857,0.7,power,0.1,0.5,8,-16.3434408733,1
858,0.7,power,0.1,0.5,9,-113.584906404,0
859,0.7,power,0.1,0.5,10,-108.316462408,0
860,0.7,power,0.3,0.5,1,-86.2700678864,0
861,0.7,power,0.3,0.5,2,-111.484942775,0
862,0.7,power,0.3,0.5,3,-168.782611729,0
863,0.7,power,0.3,0.5,4,-144.027802123,0
864,0.7,power,0.3,0.5,5,-211.471888216,0
865,0.7,power,0.3,0.5,6,-119.283647381,0
866,0.7,power,0.3,0.5,7,-195.430321494,0
867,0.7,power,0.3,0.5,8,-61.4501558657,0
868,0.7,power,0.3,0.5,9,-212.905299551,0
869,0.7,power,0.3,0.5,10,-80.6625411747,1
870,0.7,power,0.5,0.5,1,-221.824324354,0
871,0.7,power,0.5,0.5,2,-143.538576463,0
872,0.7,power,0.5,0.5,3,-117.664410541,0
873,0.7,power,0.5,0.5,4,-250.180680695,1
874,0.7,power,0.5,0.5,5,-244.167090896,0
875,0.7,power,0.5,0.5,6,-251.814094948,0
876,0.7,power,0.5,0.5,7,-84.7588070425,0
877,0.7,power,0.5,0.5,8,-89.8801569184,0
878,0.7,power,0.5,0.5,9,-108.781165426,1
879,0.7,power,0.5,0.5,10,-134.403891544,0
880,0.7,power,0.7,0.5,1,-100.131651238,0
881,0.7,power,0.7,0.5,2,-47.7038536198,1
882,0.7,power,0.7,0.5,3,-86.0120022381,0
883,0.7,power,0.7,0.5,4,-111.662685881,0
884,0.7,power,0.7,0.5,5,-87.5059354685,0
885,0.7,power,0.7,0.5,6,-137.428636835,0
886,0.7,power,0.7,0.5,7,-83.2742216035,1
887,0.7,power,0.7,0.5,8,-139.482277029,0
888,0.7,power,0.7,0.5,9,-185.42054695,0
889,0.7,power,0.7,0.5,10,-82.8264085446,0
890,0.7,power,0.9,0.5,1,-68.1710252814,1
891,0.7,power,0.9,0.5,2,-41.0558693791,0
892,0.7,power,0.9,0.5,3,-80.614828185,1
893,0.7,power,0.9,0.5,4,-30.6392526354,0
894,0.7,power,0.9,0.5,5,-179.444535888,1
895,0.7,power,0.9,0.5,6,-74.8688398906,0
896,0.7,power,0.9,0.5,7,-59.5971576588,0
897,0.7,power,0.9,0.5,8,-77.4868612772,0
898,0.7,power,0.9,0.5,9,-109.185479071,0
899,0.7,power,0.9,0.5,10,-123.505938857,0
900,0.7,power,0.1,0.7,1,-31.0516243255,1
901,0.7,power,0.1,0.7,2,-69.3821929066,1
902,0.7,power,0.1,0.7,3,-109.342280509,0
903,0.7,power,0.1,0.7,4,-13.7886352797,0
904,0.7,power,0.1,0.7,5,-225.095362382,0
905,0.7,power,0.1,0.7,6,-78.9374124247,1
906,0.7,power,0.1,0.7,7,-234.555417083,0
907,0.7,power,0.1,0.7,8,-116.130332406,0
908,0.7,power,0.1,0.7,9,-105.958122386,0
909,0.7,power,0.1,0.7,10,-99.8145173944,1
910,0.7,power,0.3,0.7,1,-196.73955985,0
911,0.7,power,0.3,0.7,2,-154.868415812,0
912,0.7,power,0.3,0.7,3,-39.9808099076,1
913,0.7,power,0.3,0.7,4,-195.64277938,0
914,0.7,power,0.3,0.7,5,-103.732079058,1
915,0.7,power,0.3,0.7,6,-36.6919120282,0
916,0.7,power,0.3,0.7,7,-100.346764098,1
917,0.7,power,0.3,0.7,8,-221.907831352,0
918,0.7,power,0.3,0.7,9,-58.8923421924,1
919,0.7,power,0.3,0.7,10,-163.495614566,0
920,0.7,power,0.5,0.7,1,-97.6762702609,0
921,0.7,power,0.5,0.7,2,-200.965575284,0
922,0.7,power,0.5,0.7,3,-265.89403685,0
923,0.7,power,0.5,0.7,4,-62.3922464091,0
924,0.7,power,0.5,0.7,5,-167.190526424,0
925,0.7,power,0.5,0.7,6,-102.846011738,1
926,0.7,power,0.5,0.7,7,-257.672267593,0
927,0.7,power,0.5,0.7,8,-142.538932915,0
928,0.7,power,0.5,0.7,9,-185.915008834,0
929,0.7,power,0.5,0.7,10,-120.210804494,0
930,0.7,power,0.7,0.7,1,-174.860650608,0
931,0.7,power,0.7,0.7,2,-118.132274988,0
932,0.7,power,0.7,0.7,3,-98.5995172552,1
933,0.7,power,0.7,0.7,4,-59.3969350884,0
934,0.7,power,0.7,0.7,5,-52.6511083006,1
935,0.7,power,0.7,0.7,6,-20.2420445203,0
936,0.7,power,0.7,0.7,7,-10.6397200368,0
937,0.7,power,0.7,0.7,8,-163.758120805,1
938,0.7,power,0.7,0.7,9,-54.8798107654,0
939,0.7,power,0.7,0.7,10,-185.866421147,0
940,0.7,power,0.9,0.7,1,-15.7337975453,0
941,0.7,power,0.9,0.7,2,-49.5169811196,0
942,0.7,power,0.9,0.7,3,9.46162933173,1
943,0.7,power,0.9,0.7,4,-34.7995973029,0
944,0.7,power,0.9,0.7,5,-73.0173992806,0
945,0.7,power,0.9,0.7,6,-21.8945056729,1
946,0.7,power,0.9,0.7,7,-119.614080236,0
947,0.7,power,0.9,0.7,8,-61.1463834118,0
948,0.7,power,0.9,0.7,9,-49.7577507544,1
949,0.7,power,0.9,0.7,10,-83.1245514906,0
950,0.7,power,0.1,0.9,1,-173.501509779,0
951,0.7,power,0.1,0.9,2,-75.0871464752,1
952,0.7,power,0.1,0.9,3,-16.3297140454,0
953,0.7,power,0.1,0.9,4,-123.076168924,0
954,0.7,power,0.1,0.9,5,-154.500869403,1
955,0.7,power,0.1,0.9,6,-212.6613308,0
956,0.7,power,0.1,0.9,7,-41.5000961913,0
957,0.7,power,0.1,0.9,8,-99.747004301,0
958,0.7,power,0.1,0.9,9,-135.877882952,0
959,0.7,power,0.1,0.9,10,-254.832831246,0
960,0.7,power,0.3,0.9,1,-218.605952891,0
961,0.7,power,0.3,0.9,2,-205.73148648,0
962,0.7,power,0.3,0.9,3,-147.410259347,0
963,0.7,power,0.3,0.9,4,-220.013124443,0
964,0.7,power,0.3,0.9,5,-144.169822896,0
965,0.7,power,0.3,0.9,6,-168.808332911,0
966,0.7,power,0.3,0.9,7,-169.241788695,0
967,0.7,power,0.3,0.9,8,-235.806677566,0
968,0.7,power,0.3,0.9,9,-166.691085483,0
969,0.7,power,0.3,0.9,10,-57.332906892,1
970,0.7,power,0.5,0.9,1,-139.264556068,1
971,0.7,power,0.5,0.9,2,-47.5732939455,0
972,0.7,power,0.5,0.9,3,-162.906102529,0
973,0.7,power,0.5,0.9,4,-159.448744779,1
974,0.7,power,0.5,0.9,5,-55.7876079605,1
975,0.7,power,0.5,0.9,6,-190.149614659,0
976,0.7,power,0.5,0.9,7,-160.741298962,0
977,0.7,power,0.5,0.9,8,-179.70268718,0
978,0.7,power,0.5,0.9,9,-81.4072544839,0
979,0.7,power,0.5,0.9,10,-65.42097338,0
980,0.7,power,0.7,0.9,1,-105.102938961,0
981,0.7,power,0.7,0.9,2,-116.956385575,0
982,0.7,power,0.7,0.9,3,-214.304460187,0
983,0.7,power,0.7,0.9,4,-29.594565398,0
984,0.7,power,0.7,0.9,5,-146.380669027,0
985,0.7,power,0.7,0.9,6,-96.0606284933,0
986,0.7,power,0.7,0.9,7,-31.2835476793,0
987,0.7,power,0.7,0.9,8,-43.8473873069,0
988,0.7,power,0.7,0.9,9,-14.2104248453,1
989,0.7,power,0.7,0.9,10,-129.46509486,0
990,0.7,power,0.9,0.9,1,-109.068950068,0
991,0.7,power,0.9,0.9,2,-9.26338287919,1
992,0.7,power,0.9,0.9,3,-184.417635329,0
993,0.7,power,0.9,0.9,4,4.78006829763,1
994,0.7,power,0.9,0.9,5,-51.5814739538,0
995,0.7,power,0.9,0.9,6,-130.95892496,0
996,0.7,power,0.9,0.9,7,-57.6954809837,0
997,0.7,power,0.9,0.9,8,-194.215634494,0
998,0.7,power,0.9,0.9,9,-43.5861990596,0
999,0.7,power,0.9,0.9,10,-96.0835092999,0
1000,0.9,power,0.1,0.1,1,-105.975402601,0
1001,0.9,power,0.1,0.1,2,-141.7847891,0
1002,0.9,power,0.1,0.1,3,-206.867772789,0
1003,0.9,power,0.1,0.1,4,-154.996849853,0
1004,0.9,power,0.1,0.1,5,-18.5452942765,1
1005,0.9,power,0.1,0.1,6,-252.716191156,0
1006,0.9,power,0.1,0.1,7,-132.827709173,1
1007,0.9,power,0.1,0.1,8,-180.465884052,0
1008,0.9,power,0.1,0.1,9,-10.127992152,1
1009,0.9,power,0.1,0.1,10,-181.386031849,1
1010,0.9,power,0.3,0.1,1,-41.1187956087,0
1011,0.9,power,0.3,0.1,2,-162.577947892,0
1012,0.9,power,0.3,0.1,3,-121.676580833,0
1013,0.9,power,0.3,0.1,4,-112.938196712,0
1014,0.9,power,0.3,0.1,5,-128.346156239,0
1015,0.9,power,0.3,0.1,6,-176.453771342,0
1016,0.9,power,0.3,0.1,7,-135.272382842,0
1017,0.9,power,0.3,0.1,8,-280.420537482,0
1018,0.9,power,0.3,0.1,9,-92.2371383696,1
1019,0.9,power,0.3,0.1,10,-93.7700888858,0
1020,0.9,power,0.5,0.1,1,-46.9471369773,1
1021,0.9,power,0.5,0.1,2,-232.19886797,0
1022,0.9,power,0.5,0.1,3,-138.965251594,0
1023,0.9,power,0.5,0.1,4,-66.0276434107,0
1024,0.9,power,0.5,0.1,5,-165.939195787,0
1025,0.9,power,0.5,0.1,6,-183.964274258,0
1026,0.9,power,0.5,0.1,7,-53.4868739158,0
1027,0.9,power,0.5,0.1,8,-171.434352242,0
1028,0.9,power,0.5,0.1,9,-78.4379173174,0
1029,0.9,power,0.5,0.1,10,-36.994393814,0
1030,0.9,power,0.7,0.1,1,-112.840139227,1
1031,0.9,power,0.7,0.1,2,-21.7250528876,1
1032,0.9,power,0.7,0.1,3,-163.512848033,0
1033,0.9,power,0.7,0.1,4,-117.519191297,0
1034,0.9,power,0.7,0.1,5,-309.896092007,0
1035,0.9,power,0.7,0.1,6,-131.473255112,1
1036,0.9,power,0.7,0.1,7,-198.091399074,0
1037,0.9,power,0.7,0.1,8,-110.865100296,0
1038,0.9,power,0.7,0.1,9,-43.1277790892,0
1039,0.9,power,0.7,0.1,10,-188.443035621,0
1040,0.9,power,0.9,0.1,1,-37.9983509577,0
1041,0.9,power,0.9,0.1,2,-111.720380675,0
1042,0.9,power,0.9,0.1,3,-168.846934859,0
1043,0.9,power,0.9,0.1,4,-162.83476143,0
1044,0.9,power,0.9,0.1,5,-28.9500250557,0
1045,0.9,power,0.9,0.1,6,-196.201398579,0
1046,0.9,power,0.9,0.1,7,-149.092265735,1
1047,0.9,power,0.9,0.1,8,-94.4678015069,0
1048,0.9,power,0.9,0.1,9,-128.025461175,0
1049,0.9,power,0.9,0.1,10,-41.3403215041,0
1050,0.9,power,0.1,0.3,1,-104.510843133,0
1051,0.9,power,0.1,0.3,2,-77.6674096803,0
1052,0.9,power,0.1,0.3,3,-134.63977975,0
1053,0.9,power,0.1,0.3,4,-96.8035380026,0
1054,0.9,power,0.1,0.3,5,-28.6893837114,1
1055,0.9,power,0.1,0.3,6,-230.829237539,0
1056,0.9,power,0.1,0.3,7,-155.362209718,0
1057,0.9,power,0.1,0.3,8,-43.5884086548,0
1058,0.9,power,0.1,0.3,9,-99.8348814986,1
1059,0.9,power,0.1,0.3,10,-155.442930881,0
1060,0.9,power,0.3,0.3,1,-180.671199296,0
1061,0.9,power,0.3,0.3,2,-145.129573321,0
1062,0.9,power,0.3,0.3,3,-260.007446936,1
1063,0.9,power,0.3,0.3,4,-165.375056282,0
1064,0.9,power,0.3,0.3,5,-59.098025848,1
1065,0.9,power,0.3,0.3,6,-222.56295821,0
1066,0.9,power,0.3,0.3,7,-35.9304186364,0
1067,0.9,power,0.3,0.3,8,-42.3678556195,0
1068,0.9,power,0.3,0.3,9,-136.2396198,0
1069,0.9,power,0.3,0.3,10,-88.7774305685,0
1070,0.9,power,0.5,0.3,1,-144.569848585,0
1071,0.9,power,0.5,0.3,2,-97.1231808309,0
1072,0.9,power,0.5,0.3,3,-52.9818008053,0
1073,0.9,power,0.5,0.3,4,-138.842736787,0
1074,0.9,power,0.5,0.3,5,-87.2029258952,0
1075,0.9,power,0.5,0.3,6,-167.388964168,0
1076,0.9,power,0.5,0.3,7,-117.082702546,0
1077,0.9,power,0.5,0.3,8,-91.7805142369,0
1078,0.9,power,0.5,0.3,9,-143.654986618,1
1079,0.9,power,0.5,0.3,10,-60.9644380175,1
1080,0.9,power,0.7,0.3,1,-57.4620127178,1
1081,0.9,power,0.7,0.3,2,-43.3051122076,0
1082,0.9,power,0.7,0.3,3,-244.796663812,0
1083,0.9,power,0.7,0.3,4,-139.381824376,0
1084,0.9,power,0.7,0.3,5,-85.206982656,0
1085,0.9,power,0.7,0.3,6,-67.3263459147,1
1086,0.9,power,0.7,0.3,7,-219.564849146,0
1087,0.9,power,0.7,0.3,8,-143.965037515,0
1088,0.9,power,0.7,0.3,9,-221.949274875,0
1089,0.9,power,0.7,0.3,10,-31.3688058631,1
1090,0.9,power,0.9,0.3,1,-111.349931577,0
1091,0.9,power,0.9,0.3,2,-133.330827087,0
1092,0.9,power,0.9,0.3,3,-89.7105429753,1
1093,0.9,power,0.9,0.3,4,-111.643102858,0
1094,0.9,power,0.9,0.3,5,4.97607710144,1
1095,0.9,power,0.9,0.3,6,-50.8899459499,0
1096,0.9,power,0.9,0.3,7,-24.7551623,0
1097,0.9,power,0.9,0.3,8,-59.051608497,0
1098,0.9,power,0.9,0.3,9,-76.078682384,0
1099,0.9,power,0.9,0.3,10,-73.8617330262,0
1100,0.9,power,0.1,0.5,1,-113.797626469,0
1101,0.9,power,0.1,0.5,2,-271.590017695,0
1102,0.9,power,0.1,0.5,3,-227.925812095,0
1103,0.9,power,0.1,0.5,4,-107.350493575,0
1104,0.9,power,0.1,0.5,5,-274.056907676,0
1105,0.9,power,0.1,0.5,6,-127.041013603,0
1106,0.9,power,0.1,0.5,7,-76.9906196086,0
1107,0.9,power,0.1,0.5,8,-239.535183379,0
1108,0.9,power,0.1,0.5,9,-97.4419524273,0
1109,0.9,power,0.1,0.5,10,-208.410368322,0
1110,0.9,power,0.3,0.5,1,-168.440239537,0
1111,0.9,power,0.3,0.5,2,-153.632417094,0
1112,0.9,power,0.3,0.5,3,-237.370835956,0
1113,0.9,power,0.3,0.5,4,-31.5501800074,1
1114,0.9,power,0.3,0.5,5,-124.048234585,0
1115,0.9,power,0.3,0.5,6,-111.433454835,1
1116,0.9,power,0.3,0.5,7,-211.711398366,0
1117,0.9,power,0.3,0.5,8,-133.814252194,0
1118,0.9,power,0.3,0.5,9,-172.984384047,0
1119,0.9,power,0.3,0.5,10,-48.0333069362,0
1120,0.9,power,0.5,0.5,1,-180.84566807,0
1121,0.9,power,0.5,0.5,2,-155.216691752,0
1122,0.9,power,0.5,0.5,3,-36.2292325551,1
1123,0.9,power,0.5,0.5,4,-176.208669426,1
1124,0.9,power,0.5,0.5,5,-112.680540067,1
1125,0.9,power,0.5,0.5,6,-216.93602699,0
1126,0.9,power,0.5,0.5,7,-89.0852079768,0
1127,0.9,power,0.5,0.5,8,-240.169034686,0
1128,0.9,power,0.5,0.5,9,-27.6552270521,1
1129,0.9,power,0.5,0.5,10,-76.8080205504,0
1130,0.9,power,0.7,0.5,1,-166.151440468,0
1131,0.9,power,0.7,0.5,2,-100.902825404,0
1132,0.9,power,0.7,0.5,3,-102.990988719,0
1133,0.9,power,0.7,0.5,4,-265.542843992,1
1134,0.9,power,0.7,0.5,5,-193.437645355,0
1135,0.9,power,0.7,0.5,6,-78.9392841819,1
1136,0.9,power,0.7,0.5,7,-128.996050238,0
1137,0.9,power,0.7,0.5,8,-216.33920295,1
1138,0.9,power,0.7,0.5,9,-153.43144963,0
1139,0.9,power,0.7,0.5,10,-84.303774807,0
1140,0.9,power,0.9,0.5,1,2.7192632676,1
1141,0.9,power,0.9,0.5,2,-42.3077325516,0
1142,0.9,power,0.9,0.5,3,-126.087836431,0
1143,0.9,power,0.9,0.5,4,-129.597702906,0
1144,0.9,power,0.9,0.5,5,-1.56005949,0
1145,0.9,power,0.9,0.5,6,-156.664128446,1
1146,0.9,power,0.9,0.5,7,-53.1622396676,0
1147,0.9,power,0.9,0.5,8,-67.4464231928,1
1148,0.9,power,0.9,0.5,9,-54.242149254,1
1149,0.9,power,0.9,0.5,10,-25.8182765175,0
1150,0.9,power,0.1,0.7,1,-179.823388762,0
1151,0.9,power,0.1,0.7,2,-125.865721205,0
1152,0.9,power,0.1,0.7,3,-190.181549527,0
1153,0.9,power,0.1,0.7,4,-152.463868015,1
1154,0.9,power,0.1,0.7,5,-2.78282995859,0
1155,0.9,power,0.1,0.7,6,-179.446616845,0
1156,0.9,power,0.1,0.7,7,-139.335717462,0
1157,0.9,power,0.1,0.7,8,-194.462895027,0
1158,0.9,power,0.1,0.7,9,-255.723183096,0
1159,0.9,power,0.1,0.7,10,-173.657937876,0
1160,0.9,power,0.3,0.7,1,-85.3017961392,0
1161,0.9,power,0.3,0.7,2,-176.794704444,0
1162,0.9,power,0.3,0.7,3,-121.759110385,0
1163,0.9,power,0.3,0.7,4,-34.0359773381,0
1164,0.9,power,0.3,0.7,5,-76.7153928019,0
1165,0.9,power,0.3,0.7,6,1.55696458708,0
1166,0.9,power,0.3,0.7,7,-246.07003053,0
1167,0.9,power,0.3,0.7,8,0.148979004854,1
1168,0.9,power,0.3,0.7,9,-135.453064268,0
1169,0.9,power,0.3,0.7,10,-111.386917775,1
1170,0.9,power,0.5,0.7,1,-222.318232072,1
1171,0.9,power,0.5,0.7,2,-110.869147108,0
1172,0.9,power,0.5,0.7,3,-30.6198832763,1
1173,0.9,power,0.5,0.7,4,-166.950569151,0
1174,0.9,power,0.5,0.7,5,-236.447796627,0
1175,0.9,power,0.5,0.7,6,-328.095392255,0
1176,0.9,power,0.5,0.7,7,-123.523079843,0
1177,0.9,power,0.5,0.7,8,-126.646684746,0
1178,0.9,power,0.5,0.7,9,-54.668082807,1
1179,0.9,power,0.5,0.7,10,-196.467694492,0
1180,0.9,power,0.7,0.7,1,-15.3815199006,1
1181,0.9,power,0.7,0.7,2,-10.9570081099,1
1182,0.9,power,0.7,0.7,3,-152.533916122,0
1183,0.9,power,0.7,0.7,4,-210.734928801,0
1184,0.9,power,0.7,0.7,5,-119.254191452,1
1185,0.9,power,0.7,0.7,6,2.18133907592,1
1186,0.9,power,0.7,0.7,7,-250.372903231,0
1187,0.9,power,0.7,0.7,8,-50.7320128213,0
1188,0.9,power,0.7,0.7,9,-91.8581121678,0
1189,0.9,power,0.7,0.7,10,-116.734355378,0
1190,0.9,power,0.9,0.7,1,-105.020381934,0
1191,0.9,power,0.9,0.7,2,-106.870492091,0
1192,0.9,power,0.9,0.7,3,-91.7956870574,0
1193,0.9,power,0.9,0.7,4,-122.2589,0
1194,0.9,power,0.9,0.7,5,-37.4801595059,0
1195,0.9,power,0.9,0.7,6,-96.7175155888,0
1196,0.9,power,0.9,0.7,7,-159.358408144,0
1197,0.9,power,0.9,0.7,8,-22.5331546642,0
1198,0.9,power,0.9,0.7,9,-125.125463244,0
1199,0.9,power,0.9,0.7,10,-184.980192964,0
1200,0.9,power,0.1,0.9,1,-164.046715719,0
1201,0.9,power,0.1,0.9,2,-184.408517751,0
1202,0.9,power,0.1,0.9,3,-85.8030880465,0
1203,0.9,power,0.1,0.9,4,-90.0604141882,0
1204,0.9,power,0.1,0.9,5,-85.3179318599,0
1205,0.9,power,0.1,0.9,6,-161.148412297,1
1206,0.9,power,0.1,0.9,7,-86.1638806406,0
1207,0.9,power,0.1,0.9,8,-192.994513224,0
1208,0.9,power,0.1,0.9,9,-205.835714502,0
1209,0.9,power,0.1,0.9,10,-194.18041636,0
1210,0.9,power,0.3,0.9,1,-38.6213501906,1
1211,0.9,power,0.3,0.9,2,-284.585070289,1
1212,0.9,power,0.3,0.9,3,-213.27958776,0
1213,0.9,power,0.3,0.9,4,-48.2887616949,1
1214,0.9,power,0.3,0.9,5,-64.0417592588,0
1215,0.9,power,0.3,0.9,6,-140.219444971,0
1216,0.9,power,0.3,0.9,7,-78.9976024123,0
1217,0.9,power,0.3,0.9,8,-169.3404487,0
1218,0.9,power,0.3,0.9,9,-20.8420894821,0
1219,0.9,power,0.3,0.9,10,-18.7089979466,0
1220,0.9,power,0.5,0.9,1,-207.139378923,0
1221,0.9,power,0.5,0.9,2,-126.96062479,1
1222,0.9,power,0.5,0.9,3,-299.793308181,0
1223,0.9,power,0.5,0.9,4,-106.950029833,0
1224,0.9,power,0.5,0.9,5,-140.959954562,0
1225,0.9,power,0.5,0.9,6,-86.1137421604,0
1226,0.9,power,0.5,0.9,7,-49.5843807615,0
1227,0.9,power,0.5,0.9,8,-137.667916638,1
1228,0.9,power,0.5,0.9,9,-130.719727283,1
1229,0.9,power,0.5,0.9,10,-145.000763293,0
1230,0.9,power,0.7,0.9,1,-138.12173099,0
1231,0.9,power,0.7,0.9,2,-61.6807774376,0
1232,0.9,power,0.7,0.9,3,-96.9137791489,1
1233,0.9,power,0.7,0.9,4,-59.145096899,0
1234,0.9,power,0.7,0.9,5,-36.4633920232,1
1235,0.9,power,0.7,0.9,6,-140.811949355,1
1236,0.9,power,0.7,0.9,7,-185.169922698,0
1237,0.9,power,0.7,0.9,8,-143.777150994,1
1238,0.9,power,0.7,0.9,9,-178.174237391,0
1239,0.9,power,0.7,0.9,10,-132.614959914,0
1240,0.9,power,0.9,0.9,1,-86.6298675857,0
1241,0.9,power,0.9,0.9,2,-61.1409451345,1
1242,0.9,power,0.9,0.9,3,-17.2679079309,1
1243,0.9,power,0.9,0.9,4,-62.0076840835,0
1244,0.9,power,0.9,0.9,5,-128.635335703,0
1245,0.9,power,0.9,0.9,6,7.25129031176,1
1246,0.9,power,0.9,0.9,7,-34.1862794575,0
1247,0.9,power,0.9,0.9,8,19.1545550665,1
1248,0.9,power,0.9,0.9,9,-93.7235353372,1
1249,0.9,power,0.9,0.9,10,-114.500317086,0
